sequence,molecular_weight,net_charge_pH7.4,hydrophobicity_GRAVY,boman_index,instability_index,hydrophobic_ratio,pass_molecular_weight,pass_net_charge_pH7.4,pass_hydrophobicity_GRAVY,pass_instability_index,pass_boman_index,pass_hydrophobic_ratio,n_pass,candidate
LLGCRAKLLGRLIRQNVKLI,2277.8896400000003,4.85106310782532,5.835,0.002562706147420385,9.200000000000003,0.5,True,True,False,True,True,True,5,True
GLDL,416.47454,-1.0049159394840899,-0.01,-2.4067967941466703e-05,7.5,0.5,True,False,True,True,True,True,5,True
SLFRVMLGSLPINDELTLFA,2236.6543400000005,-1.0042168121009056,-0.01,-4.472972066289446e-06,19.130000000000003,0.55,True,False,True,True,True,True,5,True
ALSK,417.50574,0.9941655030845549,1.989,0.0047752808988764045,7.5,0.5,True,True,False,True,True,True,5,True
ALDL,430.50144,-1.0049159394840899,-0.01,-2.3281802942819892e-05,7.5,0.75,True,False,True,True,True,True,5,True
ADLI,430.50144,-1.0049159394840899,-0.01,-2.3281802942819892e-05,-13.725000000000001,0.75,True,False,True,True,True,True,5,True
ILLGLMVGTLDIGEMLLLAY,2148.6873400000004,-2.006341895491507,-1.012,-0.00047120394470337895,6.870000000000001,0.7,True,False,True,True,True,True,5,True
LDVI,458.55523999999997,-1.0049159394840899,-0.01,-2.1854579627160872e-05,7.5,0.75,True,False,True,True,True,True,5,True
GARL,415.49284,0.9948979466235319,1.99,0.004800849195435574,-13.725000000000001,0.5,True,True,False,True,True,True,5,True
ALDP,414.45874,-1.0049159394840899,-0.01,-2.4185551551503135e-05,7.5,0.5,True,False,True,True,True,True,5,True
SDVI,432.47404,-1.0049159394840899,-0.01,-2.31755081230156e-05,7.5,0.5,True,False,True,True,True,True,5,True
ARLA,429.51974,0.9948979466235319,1.99,0.0046437822322824545,7.5,0.75,True,True,False,True,True,True,5,True
ARVR,500.60164000000003,1.9948896290550038,2.99,0.0059846680410720375,7.5,0.5,True,True,False,True,True,True,5,True
SIDI,446.50084,-1.0049159394840899,-0.01,-2.244568145088885e-05,7.5,0.5,True,False,True,True,True,True,5,True
AWDL,503.55524,-1.0049159394840899,-0.01,-1.9897725689953638e-05,7.5,0.75,True,False,True,True,True,True,5,True
FDVI,492.57244,-1.0049159394840899,-0.01,-2.0342155047905778e-05,38.35,0.75,True,False,True,True,True,True,5,True
AADL,388.42084,-1.0049159394840899,-0.01,-2.5810448069378484e-05,-13.725000000000001,0.75,True,False,True,True,True,True,5,True
AFDI,464.51864,-1.0049159394840899,-0.01,-2.157357668327832e-05,38.35,0.75,True,False,True,True,True,True,5,True
FWIR,620.75194,0.9948979466235319,1.99,0.003210920356266942,7.5,0.75,True,True,False,True,True,True,5,True
AAIR,429.51974,0.9948979466235319,1.99,0.0046437822322824545,7.5,0.75,True,True,False,True,True,True,5,True
IDVA,416.47463999999997,-1.0049159394840899,-0.01,-2.4067967941466703e-05,7.5,0.75,True,False,True,True,True,True,5,True
TDVI,446.50093999999996,-1.0049159394840899,-0.01,-2.244568145088885e-05,7.5,0.5,True,False,True,True,True,True,5,True
SWDF,553.57184,-1.0049159394840899,-0.01,-1.8096599648925967e-05,-11.35,0.5,True,False,True,True,True,True,5,True
AVDG,360.36714,-1.0049159394840899,-0.01,-2.7825699816350382e-05,-30.075,0.5,True,False,True,True,True,True,5,True
