peptide,score
ADYILARGGKKTRLAKKELQ,0.95357
MLKDRIHRVLWLGKKRLTKL,0.95118
AWSVVKRLRKKAANAASDHL,0.92248
ADSAVKIGRKIARNAEKLAP,0.91682
MDLKIAIFLKKILKEWFKQN,0.90874
GLRGLIRRFAKSIAQFHGNT,0.82912
CLFSLRINFLRIKKLRLLSD,0.81859
SWLRDIWDWICEVLSDFKNS,0.77618
SWLRDIWDWICEVLSDFKHI,0.75931
SWLRDIWDWICEVVSDFKHQ,0.75498
SWLRDIWDWICEVLSDFKGG,0.74171
SWLRDIWDWICEVLSDFKME,0.7372
SWLRDIWDWICEVLSDFKVS,0.72805
SWLRDIWDWICEVLSDFKIS,0.72342
MLQFSSIYGAFDSSNFRVHG,0.71874
ALDIGLIFSVWILKTKLVHW,0.62323
AFLVVREDWLFADWAIFLLK,0.54225
