peptide,score
ADYILARGGKKTRLAKKELQ,0.95357
MLKDRIHRVLWLGKKRLTKL,0.95118
AWSVVKRLRKKAANAASDHL,0.92248
ADSAVKIGRKIARNAEKLAP,0.91682
MDLKIAIFLKKILKEWFKQN,0.90874
CLRALVSLVKWQLRKKKGLS,0.90662
SLVLRARAWEVAVKFKKPAP,0.88814
CVIRLLERLKDSELPEFKLE,0.88308
FSMIASGEKNQATKQRLWFA,0.88049
GLRGLIRRFAKSIAQFHGNT,0.82912
CLFSLRINFLRIKKLRLLSD,0.81859
CRRVIVPLSGQLIKFAKPLI,0.80005
ALSPASRASAKIWVGNVRAF,0.78028
SWLRDIWDWICEVLSDFKNS,0.77618
AISAFLRLIKEANAAIEVRK,0.76784
SWLRDIWDWICEVLSDFKHI,0.75931
SWLRDIWDWICEVVSDFKHQ,0.75498
GLLALAGRVEFIAKRLARIS,0.74618
SWLRDIWDWICEVLSDFKGG,0.74171
SWLRDIWDWICEVLSDFKME,0.7372
SWLRDIWDWICEVLSDFKVS,0.72805
GLLTGSVLSVFTYKYLLRHQ,0.72342
SWLRDIWDWICEVLSDFKIS,0.72342
MLQFSSIYGAFDSSNFRVHG,0.71874
CWVFLRMDGLFTSVSVKNNK,0.70446
ALLLRGILLSEGLKLAKLLS,0.69963
GFVLTSIKCPFLIVGEKTSN,0.68491
AWDFGSIGGVFTSLRKAVHQ,0.68491
AWRDGSIGGVLTSVGKLVHK,0.67993
TDIDALHFSIDFLKALLNIS,0.66988
SLFRVMLGSLPINDELTLFA,0.64941
ALDIGLIFSVWILKTKLVHW,0.62323
AWRFGSIGGVLTSVAKLVHQ,0.62323
TGSILMCFSIDTPDFLENIK,0.60727
AFLVVREDWLFADWAIFLLK,0.54225
ILLGLMVGTLDIGEMLLLAY,0.41403
